No.,Web Server,IP Address,Number of hops,One-Way transit time (ms),Geo Distance (km),City,Country,Latitude,Longitude
1,mirror.csclub.uwaterloo.ca,129.97.134.71,21,14.30725,1354.667012957056,Waterloo,Canada,43.46659851074219,-80.5333023071289
2,archlinux.c3sl.ufpr.br,200.236.31.1,19,86.9445,7931.410819419015,Curitiba,Brazil,-25.449199676513672,-49.22555923461914
3,mirrors.dotsrc.org,130.225.254.116,19,70.92775,4986.085037039772,Lyngby,Denmark,56.8697395324707,8.314760208129883
4,arch.mithril.re,165.169.21.1,13,151.20225,13891.781443867414,Le Port,Réunion,-20.938329696655273,55.30472183227539
5,archlinux.mirror.ba,195.222.34.2,15,67.6055,6236.386840006375,Sarajevo,Bosnia & Herzegovina,43.85643005371094,18.413419723510742
6,www.caco.ic.unicamp.br,143.106.199.86,16,85.1305,7674.457022463701,Santa Bárbara d'Oeste,Brazil,-22.753610610961914,-47.41360855102539
7,mirror.ps.kz,195.93.153.19,15,90.25375,9489.027626345622,Almaty,Kazakhstan,43.2499885559082,76.94998931884766
8,mirror.surf,109.194.232.241,11,65.9805,6923.325977366023,Nizhniy Novgorod,Russia,56.32992172241211,44.00918960571289
9,mirror.ufscar.br,200.133.233.198,18,77.87375,7585.096486068567,São Carlos,Brazil,-22.02631950378418,-47.88991928100586
10,md.mirrors.hacktegic.com,149.14.58.42,17,63.6995,6720.666380128955,Chisinau,Moldova,47.02690124511719,28.84160041809082
11,geo.mirror.pkgbuild.com,143.244.34.62,10,28.167,2579.138337308243,Flagami,United States,25.762859344482422,-80.31195831298828
12,ftp.heanet.ie,193.1.193.10,13,52.217,4167.730811849827,Blanchardstown,Ireland,53.396358489990234,-6.359640121459961
13,archlinux.za.mirror.allworldit.com,45.220.57.85,16,118.45325,12019.993983729537,Cape Town,South Africa,-33.92490005493164,18.424100875854492
14,mirror1.sox.rs,88.218.137.65,13,64.31774999999999,6318.79781764995,Belgrade,Serbia,44.802398681640625,20.465599060058594
15,mirror.rol.ru,194.186.0.94,12,69.77375,6650.658927030297,Moscow,Russia,55.764408111572266,37.636600494384766
16,is.mirror.flokinet.net,185.165.170.20,17,67.422,3568.3421812897113,None,Iceland,65.0,-18.0
17,fastmirror.pp.ua,93.126.64.25,13,65.269,6605.0470482021055,Kyiv,Ukraine,50.43333053588867,30.51667022705078
18,ftp.lysator.liu.se,130.236.254.251,22,73.00725,5347.4001058017375,Linköping,Sweden,58.401119232177734,15.649410247802734
19,archlinux.astra.in.ua,62.115.46.51,11,61.806250000000006,5441.233606523833,Stockholm,Sweden,59.293609619140625,18.037790298461914
20,mirror.darklinux.uk,87.126.71.12,14,71.904,6930.9453855545935,Sunny Beach,Bulgaria,42.6952018737793,27.710399627685547
21,mirror.2degrees.nz,101.98.5.221,15,102.194,15134.876867603467,Auckland,New Zealand,-36.916839599609375,174.70875549316406
22,mirrors.udenar.edu.co,192.68.185.139,13,57.118,5013.748627912332,Pasto,Colombia,1.2136000394821167,-77.28109741210938
23,mirror.xeonbd.com,103.48.119.119,16,139.6995,11958.257597351212,Paltan,Bangladesh,23.810300827026367,90.4124984741211
24,mirror.kku.ac.th,49.231.47.135,11,147.1015,13325.025383674485,Bangkok,Thailand,13.756329536437988,100.50177001953125
25,nova.quantum-mirror.hu,145.236.128.51,15,62.0645,6171.223233776364,Szerencs,Hungary,48.15943908691406,21.193889617919922
26,mirror.dc.uz,84.54.64.126,16,93.4145,9367.05785858792,Salor,Uzbekistan,41.33332824707031,69.30000305175781
27,mirrors.eze.sysarmy.com,200.9.157.230,13,82.597,8829.646710188741,Buenos Aires,Argentina,-34.611778259277344,-58.41730880737305
28,archlinux.mirror.server24.net,84.33.63.5,10,53.2805,5628.189715294434,Ortisei,Italy,46.57497024536133,11.67123031616211
29,archlinux.interhost.co.il,31.154.34.34,20,85.006,8176.196682530588,Rosh Ha‘Ayin,Israel,32.09584045410156,34.952178955078125
30,mirror.pmf.kg.ac.rs,147.91.204.28,15,70.49625,6396.971854477578,Kragujevac,Serbia,44.012699127197266,20.926700592041016
31,free.nchc.org.tw,211.79.59.2,16,111.7135,12276.641678430378,Hsinchu,Taiwan,24.812999725341797,120.95800018310547
32,mirror.bytemark.co.uk,212.110.163.13,16,48.00725,4496.031403626684,York,United Kingdom,53.95138931274414,-1.0702799558639526
33,ftp.linux.org.tr,193.140.98.183,18,73.34325,7456.284646849799,Ankara,Turkey,39.95471954345703,32.84693908691406
34,mirror.lnx.sk,185.161.175.26,15,62.942750000000004,5911.019316202236,Bratislava,Slovakia,48.1713981628418,17.165149688720703
35,tux.rainside.sk,212.89.225.155,18,53.60625,5910.83862975547,Bratislava,Slovakia,48.16743087768555,17.159120559692383
36,mirror.nak-mci.ir,77.238.121.98,28,121.4885,8948.86689900623,Tehran,Iran,35.68722152709961,51.415279388427734
37,mirrors.neusoft.edu.cn,101.4.114.214,19,125.394,10611.804972503778,Beijing,China,39.91175842285156,116.37922668457031
38,archlinux.iskon.hr,89.164.86.92,15,63.747,5958.829510698717,Zagreb,Croatia,45.83258056640625,15.975110054016113
39,mirror.hoster.kz,194.146.42.42,11,94.764,8342.015779290172,Makinsk,Kazakhstan,52.636940002441406,70.41972351074219
40,archlinux.nautile.nc,202.87.128.198,14,126.981,14847.908467156383,Nouméa,New Caledonia,-22.260000228881836,166.4469451904297
41,gsl-syd.mm.fcix.net,45.121.210.231,18,105.09075,16814.961216286447,Sydney,Australia,-33.868900299072266,151.2071075439453
42,ftp.psnc.pl,150.254.166.89,11,70.8655,5680.912580376231,Poznań,Poland,52.40639877319336,16.925199508666992
43,mirror.efect.ro,194.55.155.235,12,73.154,6404.797455449287,Cluj-Napoca,Romania,46.79636001586914,23.601409912109375
44,mirrors.nguyenhoang.cloud,42.115.4.224,15,133.942,12635.38149716087,Hanoi,Vietnam,21.00889015197754,105.81707763671875
45,archlinux.mivzakim.net,109.226.0.4,14,68.445,8172.636191073209,Petaẖ Tiqva,Israel,32.084041595458984,34.887760162353516
46,mirror.tiguinet.net,212.71.11.2,11,51.265,4920.961156166691,Sint-Niklaas,Belgium,51.16455078125,4.139220237731934
47,repo.endpoint.ml,176.37.7.192,11,60.165,6604.11797366859,Kyiv,Ukraine,50.4547004699707,30.523799896240234
48,mirrors.up.pt,193.136.54.81,18,78.73375,4412.517710660195,Porto,Portugal,41.15583038330078,-8.609999656677246
49,mirror.archlinux.no,193.35.52.69,27,75.79400000000001,4921.488234121597,Trondheim,Norway,63.43000030517578,10.392999649047852
50,archlinux.mirror.kangaroot.net,62.213.203.98,13,51.72025,4953.0769610979,Zaventem,Belgium,50.887691497802734,4.47012996673584
51,sydney.mirror.pkgbuild.com,147.75.48.159,14,119.7585,16814.961216286447,Sydney,Australia,-33.868900299072266,151.2071075439453
52,mirror.neuf.no,129.240.24.178,22,70.74125000000001,5030.434715109023,Oslo,Norway,59.91389846801758,10.75220012664795
53,archlinux.ccns.ncku.edu.tw,140.116.246.190,25,113.43525,12482.868356877021,Tainan,Taiwan,22.994300842285156,120.20040130615234
54,mirror.espoch.edu.ec,45.184.102.116,21,57.5025,5360.88681839027,Riobamba,Ecuador,-1.6666699647903442,-78.63333129882812
55,mirror.lagoon.nc,123.103.197.26,13,127.939,16843.05764138492,Liverpool,Australia,-33.919410705566406,150.88511657714844
56,mirror.guillaumea.fr,bb119-74-126-149.singnet.com.sg,22,133.173,14758.339593434192,Singapore,Singapore,1.287950038909912,103.8517837524414
57,mirror.koddos.net,62.115.167.37,10,51.174,5441.233606523833,Stockholm,Sweden,59.293609619140625,18.037790298461914
58,ftp.ntua.gr,147.102.222.211,12,75.39725000000001,6974.128009699017,Athens,Greece,37.96998977661133,23.719989776611328
59,mirror.sabay.com.kh,118.67.200.171,14,124.21324999999999,13658.211601079098,Phnom Penh,Cambodia,11.562999725341797,104.91500091552734
60,mirror.ungleich.ch,147.78.195.247,21,56.204499999999996,5428.610601253986,Linthal,Switzerland,46.922000885009766,8.99899959564209
61,gluttony.sin.cvut.cz,147.32.252.2,13,56.078,5635.866669757661,Prague,Czechia,50.087799072265625,14.420499801635742
62,mirror.sunred.org,195.201.52.238,20,55.2325,5443.112079677871,Gunzenhausen,Germany,49.11594009399414,10.753399848937988
63,mirror.lzu.edu.cn,101.4.113.10,18,143.64274999999998,10611.804972503778,Beijing,China,39.91175842285156,116.37922668457031
64,mirror.metalgamer.eu,5.45.108.219,13,55.989000000000004,5458.83836320422,Berlin,Germany,52.51919937133789,13.406100273132324
65,mirror.tux.si,88.200.3.142,21,62.22325,5847.7942045433965,Ljubljana,Slovenia,46.051429748535156,14.505970001220703
66,mirror.internode.on.net,150.101.33.41,13,130.348,16251.873903442889,Brisbane,Australia,-27.47089958190918,153.02349853515625
67,mirror.hostart.az,94.20.59.190,10,79.209,8466.733857667585,Baku,Azerbaijan,40.37889099121094,49.84000015258789
68,ftp.tku.edu.tw,140.111.230.34,21,110.757,12247.746610045055,Taipei,Taiwan,25.0403995513916,121.52210235595703
69,mirror.arvancloud.ir,154.54.74.225,15,64.7285,5284.414111526247,Lausanne,Switzerland,46.53950881958008,6.646180152893066
70,archlinux.cs.nycu.edu.tw,211.76.255.193,17,131.925,12249.025036562885,Banqiao,Taiwan,25.033300399780273,121.44999694824219
71,mirror.yer.az,85.132.80.78,14,91.65174999999999,8466.733857667585,Baku,Azerbaijan,40.37889099121094,49.84000015258789
72,edgeuno-bog2.mm.fcix.net,200.25.7.49,14,54.1035,4575.898864790316,Bogotá,Colombia,4.534299850463867,-74.06729888916016
73,mirror.telepoint.bg,78.128.126.168,15,68.15225000000001,6638.270141502407,Sofia,Bulgaria,42.69940185546875,23.30940055847168
74,mirrors.nju.edu.cn,101.4.112.62,19,129.5815,10611.804972503778,Beijing,China,39.91175842285156,116.37922668457031
75,ftp.cc.uoc.gr,62.217.101.121,11,74.68175,6943.608408585195,Sparta,Greece,37.06660079956055,22.433300018310547
76,mirror-hk.koddos.net,180.87.168.15,13,118.76275,12572.47521569668,Aberdeen,Hong Kong SAR China,22.248310089111328,114.15239715576172
77,mirror.nyist.edu.cn,121.194.14.5,20,124.6095,10611.804972503778,Beijing,China,39.91175842285156,116.37922668457031
78,mirror.yuki.net.uk,118.36.165.198,16,108.0455,10833.577479982088,Seongnam-si,South Korea,37.34339904785156,127.12069702148438
79,mirror.hosthink.net,213.239.224.138,10,62.991,5461.973955643368,Berlin,Germany,52.51580047607422,13.45419979095459
80,seoul.mirror.pkgbuild.com,145.40.87.75,13,109.2725,10811.055404103188,Seoul,South Korea,37.56306076049805,126.97693634033203
81,mirrors.ims.nksc.lt,193.219.10.33,17,64.31875,6055.1673342984495,Vilnius,Lithuania,54.687198638916016,25.279699325561523
82,mirror.worldhotspot.org,140.91.210.10,11,55.493,4426.343082870294,Seattle,United States,47.60150146484375,-122.33039855957031
83,mirrors.qontinuum.space,195.78.0.69,10,58.962,5476.197413839407,Monaco,Monaco,43.738399505615234,7.424600124359131
84,mirrors.ukfast.co.uk,78.24.91.83,13,45.8455,4635.567208846,City of Westminster,United Kingdom,51.5122184753418,0.0
85,ftp.iinet.net.au,150.101.33.41,13,130.11175,16251.873903442889,Brisbane,Australia,-27.47089958190918,153.02349853515625
86,mirrors.jtremesay.org,188.165.254.207,20,48.553250000000006,4893.75796747274,Vitry-sur-Seine,France,48.7894401550293,2.389319896697998
87,mirror.archlinux.tw,64.125.22.65,10,46.98825,965.9062727479569,Newark,United States,40.738731384277344,-74.19452667236328
88,mirrors.nav.ro,5.154.224.26,17,60.05775,6712.364438940292,Bucharest,Romania,44.43655014038086,26.099349975585938
89,ftp.acc.umu.se,130.242.4.115,26,76.53075,5441.233606523833,Stockholm,Sweden,59.293609619140625,18.037790298461914
90,mirror.puzzle.ch,5.102.145.170,14,51.729,5429.887805677549,Glarus,Switzerland,46.98509979248047,9.061869621276855
91,ftp.lanet.kr,112.188.8.206,14,105.06225,10833.577479982088,Seongnam-si,South Korea,37.34339904785156,127.12069702148438
92,mirror.cedia.org.ec,143.255.248.134,14,66.78575000000001,5453.6483055450635,Guayaquil,Ecuador,-2.194999933242798,-79.9000015258789
93,archlinux.grena.ge,217.147.237.202,17,77.23975,8071.28012486455,Tbilisi,Georgia,41.69411087036133,44.83367919921875
94,vpsmurah.jagoanhosting.com,121.100.2.9,14,128.6565,15641.09335739518,Jakarta,Indonesia,-6.215400218963623,106.8031005859375
95,syd.mirror.rackspace.com,119.9.1.105,17,118.3565,16814.856350289156,Sydney,Australia,-33.86714172363281,151.2071075439453
96,mirror.system.is,46.22.96.102,12,66.02125000000001,3359.639987752196,Reykjavík,Iceland,64.14215087890625,-21.94317054748535
97,mirror.funami.tech,140.91.214.10,13,115.9245,4426.343082870294,Seattle,United States,47.60150146484375,-122.33039855957031
98,ftp.byfly.by,93.85.80.49,17,78.4305,6227.45582721697,Minsk,Belarus,53.900001525878906,27.566699981689453
99,quantum-mirror.hu,84.1.94.205,15,64.697,6078.946428052061,Budapest,Hungary,47.4599609375,19.14967918395996
100,mirror.is.co.za,196.4.160.79,12,139.6835,12143.876823672508,Johannesburg,South Africa,-26.199169158935547,28.0563907623291
101,mirror.init7.net,5.180.134.73,18,57.04600000000001,5382.536294050017,Winterthur,Switzerland,47.499881744384766,8.726160049438477
102,mirror.juniorjpdj.pl,195.80.133.44,15,56.6035,5675.194424354875,Poznań,Poland,52.41360092163086,16.837390899658203
103,arch.softver.org.mk,92.55.94.9,22,74.207,6555.148688299821,Skopje,Macedonia,41.99610900878906,21.43168067932129
104,london.mirror.pkgbuild.com,185.73.44.89,12,46.347,4623.505850755862,Chalk Farm,United Kingdom,51.540000915527344,-0.16861000657081604
105,mirrors.atviras.lt,88.119.154.218,11,62.632000000000005,5945.977975464601,Birzai,Lithuania,56.20180130004883,24.756000518798828
106,repo.br.ee,62.115.34.134,10,77.514,5441.233606523833,Stockholm,Sweden,59.293609619140625,18.037790298461914
107,archlinux.mirror.digitalpacific.com.au,154.18.96.10,17,113.50874999999999,16814.856350289156,Sydney,Australia,-33.86714172363281,151.2071075439453
108,kacabenggala.uny.ac.id,38.142.236.2,15,44.145,4751.049759764551,Los Angeles,United States,34.102149963378906,-118.31063842773438
109,asia.mirror.pkgbuild.com,84.17.57.98,10,121.001,12572.47521569668,Aberdeen,Hong Kong SAR China,22.248310089111328,114.15239715576172
110,mirrors.nxtgen.com,14.143.245.118,12,116.32300000000001,12509.329100953419,Bengaluru,India,12.971599578857422,77.59459686279297
111,ftp.otenet.gr,79.128.250.191,15,68.5965,6744.930825026697,Sykiés,Greece,40.64611053466797,22.94972038269043
112,mirror.archlinux.bg,45.91.195.4,10,72.00675000000001,6639.198280692201,Sofia,Bulgaria,42.69779968261719,23.321699142456055
113,mirrors.hostico.ro,188.241.222.52,16,60.166250000000005,6355.714319371353,Sighetu Marmaţiei,Romania,47.9286003112793,23.892499923706055
114,pawe.me,112.189.28.26,12,109.1875,10833.577479982088,Seongnam-si,South Korea,37.34339904785156,127.12069702148438
115,ftp.ek-cer.hu,148.6.248.13,20,61.8825,6069.723498871651,Budapest,Hungary,47.4984016418457,19.040800094604492
116,mirror.cmt.de,213.239.203.182,18,55.2325,5461.054578874949,Berlin,Germany,52.51470184326172,13.438599586486816
117,hkg.mirror.rackspace.com,203.60.67.21,18,113.2465,12572.47521569668,Aberdeen,Hong Kong SAR China,22.248310089111328,114.15239715576172
118,mirror.sfo12.us.leaseweb.net,209.58.135.187,16,42.09375,4871.2791397061,San Francisco,United States,37.769168853759766,-122.44249725341797
119,arch.juline.tech,64.125.14.38,12,50.0535,3137.3366765316396,Dallas,United States,32.8054313659668,-96.8142318725586
120,archlinux.mirror.garr.it,90.147.160.174,22,67.86000000000001,5938.10951126669,Rome,Italy,41.90501022338867,12.516209602355957
121,mirror.t-home.mk,62.162.154.2,13,71.17150000000001,6555.148688299821,Skopje,Macedonia,41.99610900878906,21.43168067932129
122,mirror.4v1.in,182.70.116.80,12,133.9075,11670.272227025864,Mumbai,India,19.076000213623047,72.87770080566406
123,arch.sakamoto.pl,185.236.240.103,12,60.301,5935.409636280561,Wola,Poland,52.24147033691406,20.985700607299805
124,archlinux.mirror.liquidtelecom.com,197.155.94.47,15,135.5065,10473.645286597599,Kampala,Uganda,0.31700000166893005,32.58300018310547
125,arch.mirrors.lavatech.top,163.172.221.58,16,45.8225,4931.64485081844,Diemen,Netherlands,52.309051513671875,4.940189838409424
126,arch.yhtez.xyz,95.216.97.143,11,62.6755,5750.330185145058,Tuusula,Finland,60.42641830444336,25.011320114135742
127,pkg.adfinis.com,95.128.34.165,11,51.85,5303.740399952551,Basel,Switzerland,47.53786849975586,7.597129821777344
128,repo.jing.rocks,106.187.15.166,13,93.239,10985.549792511369,Osaka,Japan,34.67094039916992,135.50750732421875
129,mirror.it4i.cz,195.113.209.233,12,59.884,5894.991914940379,Ostrava,Czechia,49.79069900512695,18.250259399414062
130,mirror.bahnhof.net,98.128.159.146,14,59.173,5359.451701829474,Växjö,Sweden,56.87900161743164,14.8058500289917
131,ftp.swin.edu.au,136.186.255.146,13,147.33325000000002,17515.566819750147,Melbourne,Australia,-37.820098876953125,145.03579711914062
132,mirror.onevip.mk,146.255.69.2,22,72.091,6555.148688299821,Skopje,Macedonia,41.99610900878906,21.43168067932129
133,mirror.citrahost.com,117.20.49.107,15,134.51125000000002,15875.278596832983,Depok,Indonesia,-7.783699989318848,110.42990112304688
134,mirror.isoc.org.il,109.226.32.140,14,76.41175,8172.636191073209,Petaẖ Tiqva,Israel,32.084041595458984,34.887760162353516
135,archlinux.ip-connect.vn.ua,184.104.224.218,11,65.73349999999999,6639.198280692201,Sofia,Bulgaria,42.69779968261719,23.321699142456055
136,ftp.jaist.ac.jp,203.178.138.171,13,101.39625,10775.23437626164,Tokyo,Japan,35.69076156616211,139.76913452148438
137,mirror.dkm.cz,89.102.0.150,17,58.0985,5642.284339066328,Prague,Czechia,50.0512809753418,14.492819786071777
138,depo.turkiye.linux.web.tr,192.99.146.126,15,45.072,785.0417581564865,Montréal,Canada,45.502079010009766,-73.56201171875
139,archlinux.uib.no,128.39.70.213,24,71.864,5030.434715109023,Oslo,Norway,59.91389846801758,10.75220012664795
140,mirror.hel.sl-chat.ru,95.217.229.165,11,63.178,5750.330185145058,Tuusula,Finland,60.42641830444336,25.011320114135742
141,arch.mirror.winslow.cloud,209.209.8.202,11,11.6345,790.1288387267793,Montréal,Canada,45.461299896240234,-73.63056945800781
142,mirror.bardia.tech,185.142.159.242,19,91.03475,9005.137617568547,Qom,Iran,34.65528106689453,50.90250015258789
143,mirrors.powernet.com.ru,31.128.159.4,17,82.144,7510.005699183102,Volgograd,Russia,48.77434158325195,44.58694076538086
144,mirrors.pidginhost.com,89.120.147.158,17,77.7225,6706.887381602736,Bucharest,Romania,44.494571685791016,26.072080612182617
145,mirror.librelabucm.org,130.206.212.106,19,66.0485,4821.492080551234,Madrid,Spain,40.41669845581055,-3.7002999782562256
146,mirror.fra10.de.leaseweb.net,37.58.58.140,13,54.5015,5257.251096443308,Eschborn,Germany,50.100189208984375,8.603400230407715
147,mirror.repository.id,121.100.2.9,14,129.21325000000002,15641.09335739518,Jakarta,Indonesia,-6.215400218963623,106.8031005859375
148,ftp.fi.muni.cz,147.251.240.12,12,59.1235,5821.6432653288675,Brno,Czechia,49.191001892089844,16.611499786376953
149,mirror.wuki.li,135.181.209.112,11,63.34525,5760.361513831615,Helsinki,Finland,60.16667175292969,24.9666690826416
150,archmirror.hbit.sztaki.hu,195.111.3.172,20,60.557,6078.946428052061,Budapest,Hungary,47.4599609375,19.14967918395996
151,mirror.xtom.com.hk,45.125.0.6,15,110.16024999999999,12572.47521569668,Aberdeen,Hong Kong SAR China,22.248310089111328,114.15239715576172
152,mirrors.go.ro,149.11.203.250,11,52.565,4928.69470411576,Diemen,Netherlands,52.349998474121094,4.916999816894531
153,super.quantum-mirror.hu,84.1.69.185,15,107.0275,5961.66860906568,Zalaegerszeg,Hungary,46.84539031982422,16.847240447998047
154,mirrors.xjtu.edu.cn,202.117.13.130,27,127.542,11208.847291824026,Xi’an,China,34.25532913208008,108.95320892333984
155,archlinux-mirror.cloud.mu,196.46.49.34,16,148.10575,14009.631423932457,Port Louis,Mauritius,-20.16888999938965,57.513328552246094
156,mirror.datacenter.by,178.124.134.165,17,73.40074999999999,6227.45582721697,Minsk,Belarus,53.900001525878906,27.566699981689453
157,mirror.bizflycloud.vn,103.107.181.186,12,127.48975,12637.143533294735,Hà Đông,Vietnam,20.991779327392578,105.80886840820312
158,mirror.cspacehostings.com,45.142.100.34,11,55.52575,5783.9662933494255,Tallinn,Estonia,59.43479919433594,24.74367904663086
159,muug.ca,208.81.1.244,11,26.97175,2561.4148185854488,Winnipeg,Canada,49.89345932006836,-97.00115966796875
160,mirror.aktkn.sg,62.115.176.97,14,160.941,5441.233606523833,Stockholm,Sweden,59.293609619140625,18.037790298461914
161,packages.oth-regensburg.de,64.125.26.173,14,52.3675,4293.380153698144,Phoenix,United States,33.50938034057617,-112.08255004882812
162,archlinux.uk.mirror.allworldit.com,57.128.140.1,21,45.492999999999995,4635.567208846,City of Westminster,United Kingdom,51.5122184753418,0.0
163,mirrors.shanghaitech.edu.cn,202.112.27.2,19,134.09,10611.804972503778,Beijing,China,39.91175842285156,116.37922668457031
164,mirror.one.com,46.30.214.141,11,50.16225,5278.076897432129,Copenhagen,Denmark,55.680511474609375,12.58782958984375
165,arch.jeweet.net,64.125.31.105,12,49.99625,2615.273418461773,Kansas City,United States,39.10771179199219,-94.53961181640625
166,mirror.5i.fi,87.236.158.63,12,76.37075,5750.1297446701765,Vantaa,Finland,60.28392028808594,24.872709274291992
167,mirrors.cat.net,203.96.236.13,12,90.64725,10775.431278150016,Tokyo,Japan,35.69628143310547,139.73855590820312
168,mirror.nw-sys.ru,212.48.194.45,11,75.6675,6036.09019683459,Saint Petersburg,Russia,59.93904113769531,30.3157901763916
169,mirror.aarnet.edu.au,202.158.214.106,19,113.7865,16251.304555553079,Brisbane,Australia,-27.467580795288086,153.02789306640625
170,mirrors.vectair.net,99.176.76.129,13,31.569000000000003,4847.858853392082,San Jose,United States,37.330528259277344,-121.83822631835938
171,ftp.harukasan.org,112.174.91.229,12,106.36,10833.577479982088,Seongnam-si,South Korea,37.34339904785156,127.12069702148438
172,lon.mirror.rackspace.com,164.177.137.21,13,50.7385,4624.545054411744,City of Westminster,United Kingdom,51.50416946411133,-0.17000000178813934
173,ftp.icm.edu.pl,193.219.28.2,11,73.749,5937.462895498126,Warsaw,Poland,52.24018859863281,21.018760681152344
174,mirror.ubrco.de,94.130.180.40,22,54.03775,5448.839014476901,Nürnberg,Germany,49.45199966430664,11.076800346374512
175,mirror.0x.sg,118.189.187.101,13,127.349,14758.339593434192,Singapore,Singapore,1.287950038909912,103.8517837524414
176,mirrors.urbanwave.co.za,156.38.207.138,20,130.09474999999998,12019.993983729537,Cape Town,South Africa,-33.92490005493164,18.424100875854492
177,mirror.yandex.ru,213.180.204.183,12,76.36825,6650.192043246613,Moscow,Russia,55.73490905761719,37.58903121948242
178,mirror.hnd.cl,138.186.10.35,12,74.7905,8715.435532414514,Santiago,Chile,-33.46500015258789,-70.65599822998047
179,mirror.cj2.nl,91.192.38.154,12,45.53075,4999.941706277478,Groningen,Netherlands,53.24169158935547,6.5346598625183105
180,mirrors.nxthost.com,5.83.47.15,15,79.99449999999999,6717.116075047927,Bucharest,Romania,44.42454147338867,26.160669326782227
181,mirror.alwyzon.net,213.248.96.99,12,60.2435,5436.684050182948,Upplands Väsby,Sweden,59.36888122558594,18.00843048095703
182,mirror.kamtv.ru,78.157.252.32,14,125.62525,8428.474032352424,Petropavlovsk-Kamchatsky,Russia,53.061561584472656,158.6224822998047
183,ftp.myrveln.se,31.209.2.193,22,66.37774999999999,5304.6776992830255,Malmö,Sweden,55.5948600769043,12.983590126037598
184,mirror.premi.st,175.195.238.189,16,107.27475,10833.577479982088,Seongnam-si,South Korea,37.34339904785156,127.12069702148438
185,arch.yourlabs.org,163.172.61.185,13,46.1995,4886.536115161616,Paris,France,48.88140106201172,2.3364999294281006
186,ro.mirror.flokinet.net,185.100.87.86,12,62.2965,6712.364438940292,Bucharest,Romania,44.43655014038086,26.099349975585938
187,mirrors.myaegean.gr,62.217.96.97,12,77.95824999999999,6974.128009699017,Athens,Greece,37.96998977661133,23.719989776611328
188,arch.midov.pl,217.168.129.166,11,56.278999999999996,5677.847038401875,Poznań,Poland,52.410701751708984,16.878469467163086
189,mirror.safe-con.dk,194.182.97.30,11,61.96975,5262.6855549609,Ballerup,Denmark,55.7244987487793,12.3548002243042
190,archlinux.mirror.wearetriple.com,93.187.10.106,10,50.9825,4931.64485081844,Diemen,Netherlands,52.309051513671875,4.940189838409424
191,mirror.gi.co.id,103.49.28.25,14,121.29650000000001,15842.841448042891,Surabaya,Indonesia,-7.2652997970581055,112.74250030517578
192,mirrors.xtom.ee,185.37.252.138,12,61.86425,5783.9662933494255,Tallinn,Estonia,59.43479919433594,24.74367904663086
193,mirror.digitalnova.at,217.25.122.34,11,65.814,5451.762350296267,Bregenz,Austria,47.5030403137207,9.7470703125
194,mirror.hostiran.ir,85.132.90.162,17,91.28425,8466.733857667585,Baku,Azerbaijan,40.37889099121094,49.84000015258789
195,mirror.mirohost.net,89.184.64.137,12,62.683,6604.11797366859,Kyiv,Ukraine,50.4547004699707,30.523799896240234
196,ftp.rnl.tecnico.ulisboa.pt,194.117.12.134,17,77.38425000000001,4483.467336105283,Lisbon,Portugal,38.72222137451172,-9.192779541015625
197,mirror.ufro.cl,200.10.17.114,15,88.0015,9315.758455958108,Temuco,Chile,-38.73332977294922,-72.60001373291016
198,glua.ua.pt,193.136.4.27,17,80.78225,4412.517710660195,Porto,Portugal,41.15583038330078,-8.609999656677246
199,ftp.vectranet.pl,213.248.90.177,10,56.38125,5436.684050182948,Upplands Väsby,Sweden,59.36888122558594,18.00843048095703
200,arch.kyberorg.fi,213.239.245.158,10,62.6695,5443.112079677871,Gunzenhausen,Germany,49.11594009399414,10.753399848937988
201,mirror.xenyth.net,170.39.230.155,10,10.95275,1256.0811198150318,Willowdale,Canada,43.83932876586914,-79.38272857666016
202,mirrors.qlu.edu.cn,211.86.45.57,23,138.92925,11482.953760637103,Nanjing,China,32.04582977294922,118.78417205810547
203,mirror.nishi.network,103.41.60.174,14,92.09575,10723.78258000871,Naka,Japan,36.091121673583984,140.1101837158203
204,mirror.lty.me,192.234.79.198,12,41.95275,3243.792584940597,Houston,United States,29.80838966369629,-95.57170867919922
205,ftp.snt.utwente.nl,130.89.254.131,13,45.631,5060.897446892084,Enschede,Netherlands,52.21699905395508,6.900000095367432
206,mirror.host.ag,62.115.175.181,12,59.833749999999995,5441.233606523833,Stockholm,Sweden,59.293609619140625,18.037790298461914
207,ftp.ludd.ltu.se,130.240.22.197,27,78.7685,5402.42561435987,Luleå,Sweden,65.59181213378906,22.176450729370117
208,iad.mirrors.misaka.one,199.119.65.77,12,14.58275,1154.7560561016876,Dover,United States,39.157649993896484,-75.49398803710938
209,mirrors.ustc.edu.cn,202.141.176.110,21,142.56575,11508.470807566891,Hefei,China,31.84333038330078,117.2830581665039
210,mirrors.uni-plovdiv.net,195.230.127.9,16,68.48525000000001,6756.8310258427755,Plovdiv,Bulgaria,42.225799560546875,24.624500274658203
211,mirror.neostrada.nl,92.63.170.63,11,46.869249999999994,4931.64485081844,Diemen,Netherlands,52.309051513671875,4.940189838409424
212,mirror.telkomuniversity.ac.id,103.233.100.4,19,135.059,15739.66904790224,Bandung,Indonesia,-6.966100215911865,107.63040161132812
213,mirror.ihost.md,91.228.108.1,18,63.5895,6720.666380128955,Chisinau,Moldova,47.02690124511719,28.84160041809082
214,mirrors.xtom.com,142.147.88.7,10,45.70925,4847.858853392082,San Jose,United States,37.330528259277344,-121.83822631835938
215,archlinux.rezopole.net,149.6.118.210,13,46.8005,5193.689378894463,Lyon,France,45.763999938964844,4.835000038146973
216,ohioix.mm.fcix.net,134.195.207.11,10,17.849,1669.7842001489946,Columbus,United States,39.99557876586914,-82.99945831298828
217,at.arch.mirror.kescher.at,89.58.18.85,14,59.52975,5857.496584759611,Vienna,Austria,48.20861053466797,16.374170303344727
218,mirrors.marquitos.space,81.46.66.81,14,62.934,4822.1759284520085,Madrid,Spain,40.42618179321289,-3.6851398944854736
219,mirrors.acm.wpi.edu,130.215.0.73,13,15.286000000000001,710.8386430849596,Worcester,United States,42.262699127197266,-71.80280303955078
220,ftp.sh.cvut.cz,147.32.252.237,15,58.6635,5635.866669757661,Prague,Czechia,50.087799072265625,14.420499801635742
221,mirror.mangohost.net,45.83.178.178,20,64.293,6720.666380128955,Chisinau,Moldova,47.02690124511719,28.84160041809082
222,mirror.terrahost.no,185.181.61.25,12,55.314,5024.447302535803,Sandefjord,Norway,59.13130187988281,10.21660041809082
223,mirror.archlinux.ikoula.com,213.246.32.129,10,37.962,4887.676933358245,Paris,France,48.8602294921875,2.3410699367523193
224,mirror.thekinrar.fr,163.172.251.107,13,47.7325,4886.536115161616,Paris,France,48.88140106201172,2.3364999294281006
225,mirror.fsmg.org.nz,163.7.134.120,12,110.2645,15134.876867603467,Auckland,New Zealand,-36.916839599609375,174.70875549316406
226,mirrors.celianvdb.fr,149.202.73.10,20,47.545249999999996,5283.464862155051,Grenoble,France,45.1879997253418,5.7220001220703125
227,mirror.umd.edu,206.196.177.87,11,18.1045,1267.9620478639292,College Park,United States,38.9899787902832,-76.94210052490234
228,mirror.fsrv.services,49.12.23.172,22,53.949749999999995,5443.112079677871,Gunzenhausen,Germany,49.11594009399414,10.753399848937988
229,ftp.rediris.es,83.97.90.21,17,65.3785,4822.1759284520085,Madrid,Spain,40.42618179321289,-3.6851398944854736
230,mirror2.totbb.net,118.174.8.44,18,139.3455,13325.025383674485,Bangkok,Thailand,13.756329536437988,100.50177001953125
231,mirrors.jlu.edu.cn,101.4.116.46,18,126.828,10611.804972503778,Beijing,China,39.91175842285156,116.37922668457031
232,mirrors.abhy.me,140.91.228.3,11,146.13,4426.343082870294,Seattle,United States,47.60150146484375,-122.33039855957031
233,arch.jensgutermuth.de,202.61.249.69,13,55.74,5288.750483568055,Karlsruhe,Germany,49.01110076904297,8.360099792480469
234,mirrors.hit.edu.cn,202.118.170.37,23,127.902,10606.447885551059,Beijing,China,39.95991134643555,116.29805755615234
235,mirrors.chroot.ro,84.247.84.234,12,62.2055,6708.6950721876965,Bucharest,Romania,44.48455810546875,26.090070724487305
236,mirrors.gigenet.com,69.65.16.171,13,17.278,1982.4540572117762,Rolling Meadows,United States,42.058441162109375,-87.98355865478516
237,ftp.linux.cz,147.251.240.12,12,57.593,5821.6432653288675,Brno,Czechia,49.191001892089844,16.611499786376953
238,arch.mirror.constant.com,108.61.5.83,10,10.129000000000001,996.2732323351252,South Plainfield,United States,40.54650115966797,-74.46289825439453
239,linorg.usp.br,38.88.165.74,13,29.25825,2579.138337308243,Flagami,United States,25.762859344482422,-80.31195831298828
240,archlinux.mailtunnel.eu,163.172.40.174,13,46.90375,4886.536115161616,Paris,France,48.88140106201172,2.3364999294281006
241,mirrors.wsyu.edu.cn,58.49.29.194,20,121.408,11649.682102565721,Wuhan,China,30.553970336914062,114.28945922851562
242,mirror.theo546.fr,51.178.42.49,24,50.4645,5283.845551627576,Grenoble,France,45.194278717041016,5.731629848480225
243,mirrors.m247.ro,185.45.12.22,15,66.7065,6710.701713455188,Bucharest,Romania,44.477481842041016,26.114009857177734
244,kebo.pens.ac.id,36.93.255.33,18,134.1995,15638.359401285135,Jakarta,Indonesia,-6.185100078582764,106.83110046386719
245,arch.nimukaito.net,78.255.122.1,15,53.777,5313.355581142578,Fos-sur-Mer,France,43.437721252441406,4.9445600509643555
246,mirror.spaceint.fr,141.94.223.207,28,49.0625,4874.857989412011,Roubaix,France,50.692501068115234,3.180000066757202
247,mirror.oldsql.cc,91.121.215.178,16,49.377,4874.45164149622,Roubaix,France,50.69126892089844,3.1732099056243896
248,distro.ibiblio.org,152.2.255.166,12,27.903750000000002,1625.440351210447,Chapel Hill,United States,35.913211822509766,-79.05586242675781
249,mirrors.kernel.org,147.75.80.249,14,51.533,4928.69470411576,Diemen,Netherlands,52.349998474121094,4.916999816894531
250,mirror.yal.sl-chat.ru,195.110.6.253,15,78.5865,7183.983661844282,Simferopol,Ukraine,44.95209884643555,34.10240173339844
251,suro.ubaya.ac.id,62.115.112.219,12,158.6505,5441.233606523833,Stockholm,Sweden,59.293609619140625,18.037790298461914
252,repo.skni.umcs.pl,87.246.210.177,12,74.434,6082.926198583054,Lublin,Poland,51.24668884277344,22.547239303588867
253,repo.greeklug.gr,195.251.211.158,12,79.38325,6744.930825026697,Sykiés,Greece,40.64611053466797,22.94972038269043
254,mirror.jingk.ai,101.100.183.42,13,127.24674999999999,14758.339593434192,Singapore,Singapore,1.287950038909912,103.8517837524414
255,mirror.vpsfree.cz,37.205.9.80,15,60.73125,5641.518728647074,Liberec,Czechia,50.77817153930664,15.03341007232666
256,mirror.barata.pt,85.241.158.1,14,56.56375,4483.467336105283,Lisbon,Portugal,38.72222137451172,-9.192779541015625
257,mirror.cedille.club,206.167.255.26,12,8.54725,653.4283156062143,Sherbrooke,Canada,45.42205047607422,-71.8782730102539
258,in-mirror.garudalinux.org,59.144.34.126,11,163.02275,10951.693546146726,New Delhi,India,28.618200302124023,77.22329711914062
259,mirror.selfnet.de,141.70.127.10,18,55.75075,5354.289394399401,Stuttgart,Germany,48.77539825439453,9.18179988861084
260,archlinux.mirror.net.in,118.185.22.93,15,123.74199999999999,11670.272227025864,Mumbai,India,19.076000213623047,72.87770080566406
261,archlinux.mirror.pcextreme.nl,185.107.214.114,10,46.8865,4921.529159196953,Diemen,Netherlands,52.40311050415039,4.834889888763428
262,mirrors.nic.cz,213.248.101.114,10,60.5055,5436.684050182948,Upplands Väsby,Sweden,59.36888122558594,18.00843048095703
263,mirror.cloroformo.org,79.116.1.95,13,818.0475,4822.1759284520085,Madrid,Spain,40.42618179321289,-3.6851398944854736
264,ftp.spline.inf.fu-berlin.de,160.45.252.179,25,58.792500000000004,5453.855536586089,Berlin,Germany,52.458900451660156,13.282899856567383
265,mirror.its.dal.ca,192.75.96.254,14,17.39225,3.2395117263001434,Halifax,Canada,44.63716125488281,-63.59632873535156
266,mirror.siwoo.org,64.125.29.26,10,36.35525,3412.829481853567,Denver,United States,39.742488861083984,-104.98564147949219
267,mirror.kpfu.ru,178.213.242.156,13,75.02674999999999,7198.898496799758,Kazan,Russia,55.796539306640625,49.10820007324219
268,mirror.faizuladib.com,103.157.96.2,16,132.3465,15842.841448042891,Surabaya,Indonesia,-7.2652997970581055,112.74250030517578
269,arch.jsc.mx,172.67.152.243,11,11.501750000000001,4867.513378418289,San Francisco,United States,37.76784896850586,-122.39286041259766
270,mirrors.cqu.edu.cn,101.4.115.62,23,136.1,10611.804972503778,Beijing,China,39.91175842285156,116.37922668457031
271,mirror.quantum5.ca,184.147.181.10,13,17.223,1259.116070294191,Toronto,Canada,43.70204162597656,-79.38773345947266
272,mirror.labkom.id,103.17.182.6,20,909.7272499999999,15645.004220954785,Jakarta,Indonesia,-6.251200199127197,106.8031005859375
273,ftp.agdsn.de,141.30.235.39,23,60.075,5546.427326871586,Radebeul,Germany,51.05039978027344,13.737299919128418
274,mirror.cov.ukservers.com,78.110.170.24,10,38.6345,4527.211934372781,Rugby,United Kingdom,52.366111755371094,-1.251389980316162
275,mirrors.nix.org.ua,89.184.66.156,12,61.814,6604.11797366859,Kyiv,Ukraine,50.4547004699707,30.523799896240234
276,mirror.ams1.nl.leaseweb.net,5.79.108.33,12,49.634,4931.64485081844,Diemen,Netherlands,52.309051513671875,4.940189838409424
277,nl.mirror.flokinet.net,185.246.188.7,10,46.2415,4931.64485081844,Diemen,Netherlands,52.309051513671875,4.940189838409424
278,mirror.cse.iitk.ac.in,103.198.140.65,15,167.258,14758.339593434192,Singapore,Singapore,1.287950038909912,103.8517837524414
279,mirroir.wptheme.fr,54.36.50.231,16,48.691,4868.586977775269,Loos,France,50.613800048828125,3.0423998832702637
280,america.mirror.pkgbuild.com,143.244.34.62,10,27.875,2579.138337308243,Flagami,United States,25.762859344482422,-80.31195831298828
281,mirror.pagenotfound.de,94.16.25.77,11,56.06625,5800.531057272623,Klagenfurt am Wörthersee,Austria,46.649078369140625,14.275750160217285
282,mirrors.xmission.com,198.60.22.13,13,33.313500000000005,3908.8479450908117,Murray,United States,40.756099700927734,-111.88390350341797
283,mirror.srv.fail,65.21.173.21,12,62.665,5758.855146493377,Helsinki,Finland,60.165000915527344,24.934999465942383
284,ftp.tsukuba.wide.ad.jp,203.178.132.80,13,99.53375,10731.07385538132,Naka,Japan,36.01976013183594,140.1220245361328
285,arch.mirror.far.fi,193.28.89.97,16,56.4885,5734.622491109323,Riihimäki,Finland,60.716339111328125,24.96843910217285
286,mirror2.evolution-host.com,167.114.8.249,21,8.457,4683.746051821703,Lancaster,United States,34.719871520996094,-117.90355682373047
287,mirror.redrock.team,222.176.89.118,15,131.6575,11700.965257978152,Chongqing,China,29.578889846801758,106.56056213378906
288,mirror.saebasol.org,139.162.73.253,20,94.8865,10777.35605084475,Tokyo,Japan,35.68949890136719,139.6916961669922
289,mirror.serverion.com,185.28.37.211,11,812.1555,4630.254423781179,Islington,United Kingdom,51.53860855102539,-0.06750000268220901
290,mirror.clarkson.edu,128.153.145.19,11,18.01025,897.26445434898,Potsdam,United States,44.67100143432617,-74.98400115966797
291,mirrors.daan.vodka,77.72.151.123,13,52.07275,4931.64485081844,Diemen,Netherlands,52.309051513671875,4.940189838409424
292,ftp.nluug.nl,192.12.54.242,11,43.934,4950.472078114898,Utrecht,Netherlands,52.09429931640625,5.112500190734863
293,archmirror.hogwarts.fr,193.55.204.120,17,64.2425,5213.595799346403,Bruyeres,France,48.210670471191406,6.719709873199463
294,mirrors.ocf.berkeley.edu,169.229.200.70,19,41.97775,4850.902052474373,Berkeley,United States,37.86159896850586,-122.24205017089844
295,linux.rz.rub.de,212.23.128.182,15,50.14575,5109.3069290107715,Bochum,Germany,51.47999954223633,7.209000110626221
296,mirror.ette.biz,154.54.40.110,10,18.94925,1669.7842001489946,Columbus,United States,39.99557876586914,-82.99945831298828
297,mirror.lastmikoi.net,82.64.124.38,14,50.7175,4887.676933358245,Paris,France,48.8602294921875,2.3410699367523193
298,nocix.mm.fcix.net,69.30.208.233,13,25.19425,2616.010159095544,Kansas City,United States,39.14638137817383,-94.57077026367188
299,ftpmirror.infania.net,82.99.22.166,11,52.956500000000005,5398.07885227041,Uppsala,Sweden,59.858558654785156,17.63892936706543
300,repo.ialab.dsu.edu,138.247.0.27,16,26.525750000000002,2645.519229429551,Madison,United States,44.007999420166016,-97.11499786376953
